<?xml version="1.0" encoding="UTF-8"?><metadata>
    <idinfo>
        <citation>
            <citeinfo>
                <title>Map</title>
            </citeinfo>
        </citation>
        <descript>
            <abstract>Seattle Public Library offers books and media in locations throughout the city.  Please see website for more information.Each branch has website link, please use for hours and programs specific to location.Displays data from CARTO.LIBRARY.  Labels based on attribute LABEL.Updated as needed, last update August 2022.</abstract>
            <purpose>Seattle Public Library branch locations.</purpose>
        </descript>
        <keywords>
            <theme>
                <themekt>None</themekt>
                <themekey>books</themekey>
                <themekey>community service</themekey>
                <themekey>SPL</themekey>
                <themekey>GIS</themekey>
            </theme>
        </keywords>
        <accconst>None</accconst>
        <useconst>The City of Seattle makes no representation or warranty as to its accuracy, and in particular, its accuracy as to labeling, dimensions, contours, property boundaries, or placement or location or any map feature thereof.</useconst>
        <datacred>City of Seattle, Citywide</datacred>
    </idinfo>
    <metainfo>
        <metstdn>FGDC Content Standard for Digital Geospatial Metadata</metstdn>
        <metstdv>FGDC-STD-001-1998</metstdv>
        <mettc>local time</mettc>
    </metainfo>
</metadata>
