<?xml version="1.0" encoding="UTF-8"?><metadata>
    <idinfo>
        <citation>
            <citeinfo>
                <title>Map</title>
            </citeinfo>
        </citation>
        <descript>
            <abstract>Contains data from CARTO.CTYLIMIT.Updated as needed.</abstract>
            <purpose>City of Seattle municipal boundaries. Includes northerly and southerly boundaries for the city. The easterly and westerly boundaries of the city are defined by waterbodies.</purpose>
        </descript>
        <keywords>
            <theme>
                <themekt>None</themekt>
                <themekey>political</themekey>
                <themekey>GIS</themekey>
            </theme>
        </keywords>
        <accconst>None</accconst>
        <useconst>The City of Seattle makes no representation or warranty as to its accuracy, and in particular, its accuracy as to labeling, dimensions, contours, property boundaries, or placement or location or any map feature thereof.</useconst>
        <datacred>City of Seattle, Citywide</datacred>
    </idinfo>
    <metainfo>
        <metstdn>FGDC Content Standard for Digital Geospatial Metadata</metstdn>
        <metstdv>FGDC-STD-001-1998</metstdv>
        <mettc>local time</mettc>
    </metainfo>
</metadata>
